"Book Title","Book ISBN","Book Author(s)","Genre","Condition"
"Adventure in the Wild","9780140247749","Laura H. Davis","Young Adult","New"
"Art and Creativity","9783598215001","James I. Garcia, Laura H. Davis","Art","Very Good"
"Artistic Expressions","9780307291374","Daniel G. Miller","Art","Very Good"
"Biography of an Artist","9780393040018","Sarah F. Jones","Biography","Fair"
"Biography of the Brave","9780691092616","Jennifer R. Taylor, Paul Q. Thomas","Biography","Fine"
"Business and Ethics","9780525475464","Elizabeth N. Gonzalez, Mark M. Lopez","Business","As New"
"Childrens Tales","9780575070886","Ashley X. Thompson, Brian Y. White","Children","Poor"
"Cooking with Flavors","9780143039952","Linda J. Rodriguez","Cookbook","Good"
"Cultures of the Amazon","9780312428399","Elizabeth N. Gonzalez","Religion","Very Good"
"Epic Fantasy Tales","9781593081939","Laura H. Davis","Fantasy","Missing"
"Exploring the Deep Sea","9780575070888","Steven O. Wilson","Children","Good"
"Exploring the Universe","9780306406157","Daniel G. Miller, Sarah F. Jones","Science Fiction","Fine"
"Graphic Novel Creations","9781861978769","David E. Brown","Graphic Novel","As New"
"History of Civilizations","9780451529576","James I. Garcia","History","Damaged"
"Innovations in Technology","9780140449112","Patricia L. Hernandez","Science","Good"
"Journey Through Europe","9781593082076","Elizabeth N. Gonzalez","Travel","As New"
"Journey through Science","9781234567897","Michael D. Williams, David E. Brown","Science","As New"
"Legends of the East","9780451529583","Maria P. Anderson","Fantasy","Very Good"
"Life in the Sahara","9780140449204","Mark M. Lopez","Travel","Fine"
"Mystery of the Lost City","9780393964782","Steven O. Wilson","Mystery","Fine"
"Poetry and Emotions","9780684843285","John A. Doe","Poetry","Missing"
"Religious Insights","9780312428329","Sarah F. Jones","Religion","Fine"
"Secrets of the Mind","9780756405675","Jessica T. Jackson, Andrew S. Moore","Self-Help","Very Good"
"Secrets of the Ocean","9781840226355","Linda J. Rodriguez","Fantasy","Fine"
"Tales of Adventure","9780747532699","Steven O. Wilson, Maria P. Anderson","Fiction","New"
"Tales of Courage","9780140449266","Robert K. Martinez","Fiction","New"
"The Art of Cooking","9780143039990","David E. Brown","Cookbook","Good"
"The Artistic Mind","9780679783275","Mark M. Lopez","Art","New"
"The Business Leader","9780140449181","Patricia L. Hernandez","Business","As New"
"The Future of Space Travel","9781841956182","Linda J. Rodriguez","Science Fiction","Repaired"
"The Modern Philosopher","9781593083769","James I. Garcia","Non-Fiction","As New"
"The Mystery of Time","9783161484100","Jane B. Smith, Emily C. Johnson","Mystery","New"
"The Science of Everyday Life","9780140449327","Daniel G. Miller","Science","Poor"
"The Secrets of History","9780395193958","Patricia L. Hernandez, Robert K. Martinez","History","Fair"
"Thrilling Mysteries","9780743447223","Michael D. Williams","Thriller","New"
"Travel the World","9780743247228","Jane B. Smith","Travel","Damaged"
"Understanding Science","9780812975298","Emily C. Johnson","Science","Repaired"
"World of Romance","9780307291367","Frank U. Martin","Romance","Good"
"World War Chronicles","9780061122415","Robert K. Martinez","History","Very Good"
"Young Adult Fantasy","9781402894626","Sandra V. Lee, Kevin W. Perez","Young Adult","Fair"
